run_id,seed,hidden_dims,dropout,cross_layers,cross_rank,learning_rate,weight_decay,class_weight_power,label_smoothing,batch_size,best_epoch,best_margin,best_val_score,train_loss_last,train_acc,train_mcc,train_recall_down,train_recall_sideways,train_recall_up,train_recall_min,train_recall_gap,train_pred_up_share,train_true_up_share,train_pred_target_gap,val_acc,val_mcc,val_recall_down,val_recall_sideways,val_recall_up,val_recall_min,val_recall_gap,val_pred_up_share,val_true_up_share,val_pred_target_gap,test_acc,test_mcc,test_recall_down,test_recall_sideways,test_recall_up,test_recall_min,test_recall_gap,test_pred_up_share,test_true_up_share,test_pred_target_gap
9,42,640x320x160,0.35,3,96,0.001,0.0005,1.0,0.02,768,4,0.0,0.5289866442260709,0.5961937308311462,0.534850640113798,0.4225474816737279,0.9672977624784854,0.0,0.8614916286149162,0.8614916286149162,0.10580613386356919,0.48316737790422,0.31152204836415365,0.17164532954006634,0.44026548672566373,0.04829621706921123,0.5337423312883436,0.0,0.5333333333333333,0.5333333333333333,0.0004089979550102596,0.5066371681415929,0.4646017699115044,0.04203539823008845,0.4579646017699115,0.012126913695831075,0.5157894736842106,0.0,0.4977168949771689,0.4977168949771689,0.018072578707041653,0.48451327433628316,0.48451327433628316,0.0
8,42,256x128,0.25,2,96,0.002,1e-05,1.4,0.0,512,2,0.0,0.4756709298627969,0.37119861841201784,0.5315315315315315,0.4148329858925629,0.8795180722891566,0.0,0.928462709284627,0.8795180722891566,0.04894463699547047,0.5637743006164059,0.31152204836415365,0.25225225225225223,0.4446902654867257,0.06772345855456902,0.5828220858895705,0.0,0.5047619047619047,0.5047619047619047,0.07806018112766577,0.4469026548672566,0.4646017699115044,0.017699115044247815,0.43805309734513276,-0.025664733533719133,0.5,0.0,0.4703196347031963,0.4703196347031963,0.02968036529680368,0.4911504424778761,0.48451327433628316,0.006637168141592931
14,42,256x128,0.15,2,64,0.0005,0.0005,1.0,0.0,512,4,0.0,0.5477232748792008,0.681160843372345,0.5097202465623518,0.3781811202008842,0.9053356282271945,0.0,0.8356164383561644,0.8356164383561644,0.0697191898710301,0.48885727833096254,0.31152204836415365,0.1773352299668089,0.4911504424778761,0.13366802229092264,0.5705521472392638,0.0,0.6142857142857143,0.5705521472392638,0.04373356704645048,0.5398230088495575,0.4646017699115044,0.07522123893805305,0.5243362831858407,0.12202065764496438,0.4473684210526316,0.0,0.6940639269406392,0.4473684210526316,0.24669550588800765,0.6349557522123894,0.48451327433628316,0.15044247787610626
15,42,384x192x96,0.35,3,32,0.002,0.0005,1.2,0.05,512,1,0.0,0.48367446658341934,0.6079030156135559,0.4604077761972499,0.28977868751966857,0.7814113597246127,0.0,0.786910197869102,0.7814113597246127,0.00549883814448926,0.5372214319582741,0.31152204836415365,0.22569938359412045,0.42920353982300885,0.03597614891981873,0.5460122699386503,0.0,0.5,0.5,0.04601226993865026,0.4668141592920354,0.4646017699115044,0.002212389380530977,0.49557522123893805,0.06709925201961238,0.42105263157894735,0.0,0.6575342465753424,0.42105263157894735,0.23648161499639508,0.6283185840707964,0.48451327433628316,0.14380530973451328
13,42,512x256x128,0.35,2,96,0.001,1e-05,1.0,0.0,768,1,0.0,0.4795619559512821,0.6227337121963501,0.4191559981033665,0.22700129821692153,0.4991394148020654,0.0,0.9041095890410958,0.4991394148020654,0.4049701742390304,0.7093409198672357,0.31152204836415365,0.39781887150308204,0.45132743362831856,0.06448609428709694,0.50920245398773,0.0,0.5761904761904761,0.50920245398773,0.06698802220274613,0.5265486725663717,0.4646017699115044,0.0619469026548673,0.44026548672566373,-0.01379666521721825,0.5684210526315789,0.0,0.4155251141552511,0.4155251141552511,0.15289593847632782,0.4247787610619469,0.48451327433628316,0.059734513274336265
5,42,256x128,0.25,5,32,0.0005,0.0005,1.0,0.05,384,4,0.0,0.4668913440831026,0.7291866540908813,0.5248933143669986,0.4035000497929784,0.9087779690189329,0.0,0.8812785388127854,0.8812785388127854,0.027499430206147535,0.5064011379800853,0.31152204836415365,0.1948790896159317,0.44026548672566373,0.042644743827936156,0.49693251533742333,0.0,0.5619047619047619,0.49693251533742333,0.06497224656733858,0.5376106194690266,0.4646017699115044,0.07300884955752213,0.4446902654867257,-0.002035899947476138,0.5894736842105263,0.0,0.4063926940639269,0.4063926940639269,0.18308099014659934,0.39601769911504425,0.48451327433628316,0.08849557522123891
2,42,384x192x96,0.35,3,96,0.002,0.0005,1.2,0.0,384,1,0.0,0.13948341386611648,0.34107446670532227,0.49407302038880985,0.3496761117877999,0.8141135972461274,0.0,0.8660578386605784,0.8141135972461274,0.051944241414450976,0.5068752963489805,0.31152204836415365,0.1953532479848269,0.3938053097345133,0.008386943751966875,0.7055214723926381,0.0,0.3,0.3,0.4055214723926381,0.27876106194690264,0.4646017699115044,0.18584070796460178,0.37168141592920356,-0.14776179150035834,0.4421052631578947,0.0,0.3835616438356164,0.3835616438356164,0.058543619322278306,0.48008849557522126,0.48451327433628316,0.004424778761061898
6,42,512x256x128,0.15,2,64,0.002,0.0001,1.2,0.0,768,4,0.0,0.492796258521868,0.38774560888608295,0.5623518255097203,0.46820601743342793,0.9621342512908778,0.0,0.954337899543379,0.954337899543379,0.00779635174749882,0.5301090564248458,0.31152204836415365,0.2185870080606922,0.46238938053097345,0.09250433951506032,0.6073619631901841,0.0,0.5238095238095238,0.5238095238095238,0.08355243938066026,0.4823008849557522,0.4646017699115044,0.01769911504424776,0.4026548672566372,-0.08447238223662161,0.5210526315789473,0.0,0.3789954337899543,0.3789954337899543,0.142057197788993,0.4247787610619469,0.48451327433628316,0.059734513274336265
11,42,640x320x160,0.1,2,96,0.001,1e-05,1.2,0.0,768,4,0.0,0.3352303134185972,0.43014557162920636,0.555239449976292,0.4561348360488792,0.9707401032702238,0.0,0.923896499238965,0.923896499238965,0.046843604031258756,0.5139876718824087,0.31152204836415365,0.20246562351825503,0.44026548672566373,0.07596846878920312,0.6687116564417178,0.0,0.42857142857142855,0.42857142857142855,0.24014022787028927,0.37168141592920356,0.4646017699115044,0.09292035398230086,0.49557522123893805,0.10921222433842272,0.7473684210526316,0.0,0.3744292237442922,0.3744292237442922,0.37293919730833935,0.3185840707964602,0.48451327433628316,0.165929203539823
1,42,512x256x128,0.15,2,64,0.002,0.0005,1.2,0.05,768,4,0.0,0.48593835558002985,0.49528442819913227,0.561877667140825,0.4675470673171884,0.963855421686747,0.0,0.9512937595129376,0.9512937595129376,0.012561662173809385,0.5196775723091512,0.31152204836415365,0.2081555239449976,0.45132743362831856,0.0718364936005537,0.588957055214724,0.0,0.5142857142857142,0.5142857142857142,0.07467134092900973,0.48672566371681414,0.4646017699115044,0.022123893805309713,0.40707964601769914,-0.07468420172668025,0.5421052631578948,0.0,0.3698630136986301,0.3698630136986301,0.17224224945926464,0.4092920353982301,0.48451327433628316,0.07522123893805305
10,42,384x192x96,0.1,5,32,0.0005,0.0005,1.4,0.02,512,4,0.0,0.5054978942551557,0.6146478533744812,0.5315315315315315,0.41443078678385675,0.8726333907056799,0.0,0.9345509893455098,0.8726333907056799,0.06191759863982993,0.5519203413940256,0.31152204836415365,0.24039829302987192,0.4225663716814159,0.020724030311370246,0.5153374233128835,0.0,0.5095238095238095,0.5095238095238095,0.005813613789073968,0.48451327433628316,0.4646017699115044,0.019911504424778736,0.41150442477876104,-0.06055540412768189,0.6052631578947368,0.0,0.3242009132420091,0.3242009132420091,0.2810622446527277,0.34513274336283184,0.48451327433628316,0.13938053097345132
12,42,256x128,0.1,3,64,0.001,1e-05,1.4,0.02,512,3,0.0,0.4970467090142425,0.44459637999534607,0.5419630156472262,0.43492500166041365,0.9586919104991394,0.0,0.8919330289193302,0.8919330289193302,0.06675888157980914,0.48364153627311524,0.31152204836415365,0.1721194879089616,0.41814159292035397,0.009493684264300754,0.5030674846625767,0.0,0.5095238095238095,0.5030674846625767,0.006456324861232821,0.5022123893805309,0.4646017699115044,0.037610619469026496,0.49557522123893805,0.06011492984653523,0.3105263157894737,0.0,0.7534246575342466,0.3105263157894737,0.4428983417447729,0.7190265486725663,0.48451327433628316,0.23451327433628316
16,42,384x192x96,0.15,5,32,0.001,1e-05,1.2,0.02,768,4,0.0,0.46857864162006624,0.5550614794095358,0.5476529160739687,0.4426948339376205,0.9018932874354562,0.0,0.9604261796042618,0.9018932874354562,0.05853289216880564,0.5509720246562352,0.31152204836415365,0.23944997629208153,0.40486725663716816,-0.011810709403819411,0.4785276073619632,0.0,0.5,0.4785276073619632,0.021472392638036797,0.4889380530973451,0.4646017699115044,0.02433628318584069,0.40707964601769914,-0.06769487337766525,0.6210526315789474,0.0,0.3013698630136986,0.3013698630136986,0.3196827685652488,0.3252212389380531,0.48451327433628316,0.15929203539823006
4,42,640x320x160,0.1,5,96,0.002,0.0005,1.2,0.05,768,1,0.0,0.4046307255189388,0.43803199132283527,0.47605500237079185,0.32226097177468505,0.7332185886402753,0.0,0.8797564687975646,0.7332185886402753,0.1465378801572893,0.6363205310573732,0.31152204836415365,0.32479848269321954,0.41814159292035397,0.004145519500816522,0.44785276073619634,0.0,0.5523809523809524,0.44785276073619634,0.10452819164475607,0.5309734513274337,0.4646017699115044,0.06637168141592925,0.4469026548672566,-0.03388608494817949,0.2894736842105263,0.0,0.6712328767123288,0.2894736842105263,0.38175919250180246,0.6792035398230089,0.48451327433628316,0.1946902654867257
7,42,512x256x128,0.1,2,96,0.002,0.0001,1.4,0.02,768,2,0.0,0.39101851349150335,0.37273384133974713,0.543859649122807,0.4361074744809228,0.9001721170395869,0.0,0.9497716894977168,0.9001721170395869,0.04959957245812996,0.5533428165007113,0.31152204836415365,0.24182076813655762,0.4557522123893805,0.099305397338881,0.6625766871165644,0.0,0.4666666666666667,0.4666666666666667,0.1959100204498977,0.3938053097345133,0.4646017699115044,0.07079646017699115,0.4690265486725664,0.07540685584251129,0.8105263157894737,0.0,0.2648401826484018,0.2648401826484018,0.5456861331410718,0.22787610619469026,0.48451327433628316,0.2566371681415929
3,42,256x128,0.1,3,96,0.0005,0.0001,1.0,0.0,768,4,0.0,0.5345954100191572,0.5965287884076437,0.5353247984826932,0.4214599286637356,0.927710843373494,0.0,0.898021308980213,0.898021308980213,0.029689534393280925,0.5116168800379327,0.31152204836415365,0.20009483167377906,0.4446902654867257,0.05869362375719172,0.5398773006134969,0.0,0.5380952380952381,0.5380952380952381,0.0017820625182588534,0.49336283185840707,0.4646017699115044,0.028761061946902644,0.4026548672566372,-0.07156985325975306,0.7421052631578947,0.0,0.1872146118721461,0.1872146118721461,0.5548906512857485,0.22787610619469026,0.48451327433628316,0.2566371681415929
