horizon,gauss_window,gauss_std,coord_mode,orb_multiplier,include_phases,max_depth,learning_rate,weight_power,sideways_penalty,n_estimators,subsample,colsample_bytree,bal_acc,f1_macro,mcc,recall_down,recall_up,recall_min,recall_gap,up_down_min,up_down_gap
1,101,50.0,geo,0.15,True,3,0.01,2.0,0.3,500,0.8,0.8,0.3593010556971241,0.3391493291324896,0.06472820529296959,0.4925373134328358,0.0,0.0,0.4925373134328358,0.0,0.4925373134328358
1,101,50.0,geo,0.15,True,3,0.01,2.0,0.5,500,0.8,0.8,0.3331715406706306,0.21864619933567575,-0.0012850007082670317,0.9751243781094527,0.0,0.0,0.9751243781094527,0.0,0.9751243781094527
1,101,50.0,geo,0.15,True,3,0.01,2.0,1.0,500,0.8,0.8,0.32898111070662944,0.26841758332303384,-0.01461595410471427,0.8308457711442786,0.0,0.0,0.8308457711442786,0.0,0.8308457711442786
1,101,50.0,geo,0.15,True,3,0.03,2.0,0.3,500,0.8,0.8,0.3257695263519799,0.30448356318943137,-0.019117174232760208,0.5870646766169154,0.0,0.0,0.5870646766169154,0.0,0.5870646766169154
1,101,50.0,geo,0.15,True,3,0.03,2.0,0.5,500,0.8,0.8,0.33100351899041375,0.3056055056055056,-0.005990223907274024,0.6417910447761194,0.0,0.0,0.6417910447761194,0.0,0.6417910447761194
1,101,50.0,geo,0.15,True,3,0.03,2.0,1.0,500,0.8,0.8,0.3660175166375354,0.28935319338463356,0.0269363263653509,0.17412935323383086,0.5531914893617021,0.17412935323383086,0.3790621361278713,0.17412935323383086,0.3790621361278713
1,101,50.0,geo,0.15,True,3,0.05,2.0,0.3,500,0.8,0.8,0.32414351009181736,0.3027564474726783,-0.023274677798502105,0.5870646766169154,0.0,0.0,0.5870646766169154,0.0,0.5870646766169154
1,101,50.0,geo,0.15,True,3,0.05,2.0,0.5,500,0.8,0.8,0.33100351899041375,0.3056055056055056,-0.005990223907274024,0.6417910447761194,0.0,0.0,0.6417910447761194,0.0,0.6417910447761194
1,101,50.0,geo,0.15,True,3,0.05,2.0,1.0,500,0.8,0.8,0.30562496288665647,0.2829366774437676,-0.011964777070937311,0.22388059701492538,0.2978723404255319,0.22388059701492538,0.07399174341060652,0.22388059701492538,0.07399174341060652
1,101,50.0,geo,0.15,True,5,0.01,2.0,0.3,500,0.8,0.8,0.3281535584488903,0.315151403475759,-0.0064195593910498176,0.36318407960199006,0.02127659574468085,0.02127659574468085,0.34190748385730924,0.02127659574468085,0.34190748385730924
1,101,50.0,geo,0.15,True,5,0.01,2.0,0.5,500,0.8,0.8,0.3380812595042431,0.3254055039183525,0.024061107376562158,0.5970149253731343,0.14893617021276595,0.14893617021276595,0.4480787551603683,0.14893617021276595,0.4480787551603683
1,101,50.0,geo,0.15,True,5,0.01,2.0,1.0,500,0.8,0.8,0.37851118047541227,0.291381024533607,0.0394866416933714,0.16417910447761194,0.5957446808510638,0.16417910447761194,0.43156557637345183,0.16417910447761194,0.43156557637345183
1,101,50.0,geo,0.15,True,5,0.03,2.0,0.3,500,0.8,0.8,0.3149569571275262,0.2960993583720821,-0.03934082993829037,0.24378109452736318,0.0425531914893617,0.0425531914893617,0.20122790303800148,0.0425531914893617,0.20122790303800148
1,101,50.0,geo,0.15,True,5,0.03,2.0,0.5,500,0.8,0.8,0.32665456664093473,0.3230522106342369,0.012005930535206127,0.5422885572139303,0.0425531914893617,0.0425531914893617,0.4997353657245686,0.0425531914893617,0.4997353657245686
1,101,50.0,geo,0.15,True,5,0.03,2.0,1.0,500,0.8,0.8,0.3784788219428717,0.29274258879522036,0.06604458124853847,0.15920398009950248,0.5957446808510638,0.15920398009950248,0.4365407007515613,0.15920398009950248,0.4365407007515613
1,101,50.0,geo,0.15,True,5,0.05,2.0,0.3,500,0.8,0.8,0.3200558356806178,0.30925468550798363,-0.0205252172979987,0.3681592039800995,0.02127659574468085,0.02127659574468085,0.34688260823541867,0.02127659574468085,0.34688260823541867
1,101,50.0,geo,0.15,True,5,0.05,2.0,0.5,500,0.8,0.8,0.3225207641088796,0.30463128231617814,-0.013405975128676577,0.6567164179104478,0.0425531914893617,0.0425531914893617,0.6141632264210861,0.0425531914893617,0.6141632264210861
1,101,50.0,geo,0.15,True,5,0.05,2.0,1.0,500,0.8,0.8,0.37510630552478913,0.2659101955689882,0.03298973130134796,0.11940298507462686,0.6595744680851063,0.11940298507462686,0.5401714830104795,0.11940298507462686,0.5401714830104795
1,101,50.0,geo,0.15,True,9,0.01,2.0,0.3,500,0.8,0.8,0.35617862942681505,0.34953881734703646,0.011560021561198557,0.3582089552238806,0.2127659574468085,0.2127659574468085,0.14544299777707206,0.2127659574468085,0.14544299777707206
1,101,50.0,geo,0.15,True,9,0.01,2.0,0.5,500,0.8,0.8,0.3533797884819115,0.31134233453074034,0.03167798561786399,0.2736318407960199,0.425531914893617,0.2736318407960199,0.15190007409759715,0.2736318407960199,0.15190007409759715
1,101,50.0,geo,0.15,True,9,0.01,2.0,1.0,500,0.8,0.8,0.3573027441928913,0.2077597600373321,0.03035558148471359,0.08955223880597014,0.7872340425531915,0.08955223880597014,0.6976818037472213,0.08955223880597014,0.6976818037472213
1,101,50.0,geo,0.15,True,9,0.03,2.0,0.3,500,0.8,0.8,0.3158542179261107,0.30263339931118416,-0.032445594622493815,0.24875621890547264,0.19148936170212766,0.19148936170212766,0.057266857203344984,0.19148936170212766,0.057266857203344984
1,101,50.0,geo,0.15,True,9,0.03,2.0,0.5,500,0.8,0.8,0.3298420542160328,0.31938303937121204,0.02449403982673862,0.3781094527363184,0.2553191489361702,0.2553191489361702,0.12279030380014821,0.2553191489361702,0.12279030380014821
1,101,50.0,geo,0.15,True,9,0.03,2.0,1.0,500,0.8,0.8,0.37705039927503115,0.21471409334252964,0.06961345196496903,0.1044776119402985,0.851063829787234,0.1044776119402985,0.7465862178469356,0.1044776119402985,0.7465862178469356
1,101,50.0,geo,0.15,True,9,0.05,2.0,0.3,500,0.8,0.8,0.34240594295431687,0.34250584869779915,0.025706617550466236,0.4427860696517413,0.10638297872340426,0.10638297872340426,0.33640309092833703,0.10638297872340426,0.33640309092833703
1,101,50.0,geo,0.15,True,9,0.05,2.0,0.5,500,0.8,0.8,0.34253554920433293,0.32062440259371205,0.027872486717044728,0.30845771144278605,0.3191489361702128,0.30845771144278605,0.01069122472742673,0.30845771144278605,0.01069122472742673
1,101,50.0,geo,0.15,True,9,0.05,2.0,1.0,500,0.8,0.8,0.35342453964393566,0.22163185047694164,0.02504249647977506,0.17412935323383086,0.7446808510638298,0.17412935323383086,0.5705514978299989,0.17412935323383086,0.5705514978299989
1,101,50.0,helio,0.15,True,3,0.01,2.0,0.3,500,0.8,0.8,0.3562755329045828,0.33679200277560933,0.057000711607675246,0.527363184079602,0.0,0.0,0.527363184079602,0.0,0.527363184079602
1,101,50.0,helio,0.15,True,3,0.01,2.0,0.5,500,0.8,0.8,0.34225619868138973,0.3197318640955004,0.023126729295830258,0.6218905472636815,0.0,0.0,0.6218905472636815,0.0,0.6218905472636815
1,101,50.0,helio,0.15,True,3,0.01,2.0,1.0,500,0.8,0.8,0.32187032318084374,0.3042400323821089,-0.028353042011078636,0.48756218905472637,0.0,0.0,0.48756218905472637,0.0,0.48756218905472637
1,101,50.0,helio,0.15,True,3,0.03,2.0,0.3,500,0.8,0.8,0.3420620474861465,0.3211779421282661,0.02191123863621437,0.5920398009950248,0.0,0.0,0.5920398009950248,0.0,0.5920398009950248
1,101,50.0,helio,0.15,True,3,0.03,2.0,0.5,500,0.8,0.8,0.3408971403146867,0.3195316638354613,0.019175961258116582,0.4129353233830846,0.0,0.0,0.4129353233830846,0.0,0.4129353233830846
1,101,50.0,helio,0.15,True,3,0.03,2.0,1.0,500,0.8,0.8,0.31524491364316626,0.2756812559652506,-0.05177946050854374,0.21890547263681592,0.0,0.0,0.21890547263681592,0.0,0.21890547263681592
1,101,50.0,helio,0.15,True,3,0.05,2.0,0.3,500,0.8,0.8,0.34003963920236213,0.29602601014552365,0.0196548741235363,0.7810945273631841,0.0,0.0,0.7810945273631841,0.0,0.7810945273631841
1,101,50.0,helio,0.15,True,3,0.05,2.0,0.5,500,0.8,0.8,0.3408971403146867,0.3195316638354613,0.019175961258116582,0.4129353233830846,0.0,0.0,0.4129353233830846,0.0,0.4129353233830846
1,101,50.0,helio,0.15,True,3,0.05,2.0,1.0,500,0.8,0.8,0.31524491364316626,0.2756812559652506,-0.05177946050854374,0.21890547263681592,0.0,0.0,0.21890547263681592,0.0,0.21890547263681592
1,101,50.0,helio,0.15,True,5,0.01,2.0,0.3,500,0.8,0.8,0.3469724547991748,0.3259729355447239,0.034222055478127685,0.5970149253731343,0.0,0.0,0.5970149253731343,0.0,0.5970149253731343
1,101,50.0,helio,0.15,True,5,0.01,2.0,0.5,500,0.8,0.8,0.332605266351171,0.3108286593419459,-0.0016703435959492835,0.3880597014925373,0.0,0.0,0.3880597014925373,0.0,0.3880597014925373
1,101,50.0,helio,0.15,True,5,0.01,2.0,1.0,500,0.8,0.8,0.3222262670387898,0.3032802921612104,-0.027814268374714037,0.5422885572139303,0.0,0.0,0.5422885572139303,0.0,0.5422885572139303
1,101,50.0,helio,0.15,True,5,0.03,2.0,0.3,500,0.8,0.8,0.34645471827852603,0.32749641291423165,0.032528800411289444,0.5174129353233831,0.0,0.0,0.5174129353233831,0.0,0.5174129353233831
1,101,50.0,helio,0.15,True,5,0.03,2.0,0.5,500,0.8,0.8,0.34187598592403834,0.31107947054790913,0.023062732310237616,0.31343283582089554,0.0,0.0,0.31343283582089554,0.0,0.31343283582089554
1,101,50.0,helio,0.15,True,5,0.03,2.0,1.0,500,0.8,0.8,0.31611859402176107,0.29430238272056514,-0.044615346470256285,0.35323383084577115,0.0,0.0,0.35323383084577115,0.0,0.35323383084577115
1,101,50.0,helio,0.15,True,5,0.05,2.0,0.3,500,0.8,0.8,0.3518181450471221,0.3311728395061728,0.046383862631955326,0.5920398009950248,0.0,0.0,0.5920398009950248,0.0,0.5920398009950248
1,101,50.0,helio,0.15,True,5,0.05,2.0,0.5,500,0.8,0.8,0.34187598592403834,0.31107947054790913,0.023062732310237616,0.31343283582089554,0.0,0.0,0.31343283582089554,0.0,0.31343283582089554
1,101,50.0,helio,0.15,True,5,0.05,2.0,1.0,500,0.8,0.8,0.3193059094770052,0.29613370473537604,-0.03676719099396112,0.34328358208955223,0.0,0.0,0.34328358208955223,0.0,0.34328358208955223
1,101,50.0,helio,0.15,True,9,0.01,2.0,0.3,500,0.8,0.8,0.36684059377907213,0.34361264087880583,0.08517483774075406,0.6517412935323383,0.0,0.0,0.6517412935323383,0.0,0.6517412935323383
1,101,50.0,helio,0.15,True,9,0.01,2.0,0.5,500,0.8,0.8,0.3417061036282005,0.3227846269606992,0.02097034813884991,0.5373134328358209,0.0,0.0,0.5373134328358209,0.0,0.5373134328358209
1,101,50.0,helio,0.15,True,9,0.01,2.0,1.0,500,0.8,0.8,0.31322250535938195,0.29498177801516623,-0.050362925252062346,0.4079601990049751,0.0,0.0,0.4079601990049751,0.0,0.4079601990049751
1,101,50.0,helio,0.15,True,9,0.03,2.0,0.3,500,0.8,0.8,0.36674351818145046,0.3442912496904544,0.0841653337686379,0.6368159203980099,0.0,0.0,0.6368159203980099,0.0,0.6368159203980099
1,101,50.0,helio,0.15,True,9,0.03,2.0,0.5,500,0.8,0.8,0.35075031347328395,0.32893910860012554,0.044053781811400385,0.42786069651741293,0.0,0.0,0.42786069651741293,0.0,0.42786069651741293
1,101,50.0,helio,0.15,True,9,0.03,2.0,1.0,500,0.8,0.8,0.34188941127264555,0.2523193147155975,0.027264323009839532,0.2835820895522388,0.5957446808510638,0.2835820895522388,0.312162591298825,0.2835820895522388,0.312162591298825
1,101,50.0,helio,0.15,True,9,0.05,2.0,0.3,500,0.8,0.8,0.3680459491162076,0.3474714577792253,0.08641549057154188,0.5870646766169154,0.0,0.0,0.5870646766169154,0.0,0.5870646766169154
1,101,50.0,helio,0.15,True,9,0.05,2.0,0.5,500,0.8,0.8,0.33930348258706466,0.3184460079535026,0.015202230379093474,0.417910447761194,0.0,0.0,0.417910447761194,0.0,0.417910447761194
1,101,50.0,helio,0.15,True,9,0.05,2.0,1.0,500,0.8,0.8,0.3122472742669631,0.2548931623931624,-0.013249790474173101,0.26865671641791045,0.46808510638297873,0.26865671641791045,0.1994283899650683,0.26865671641791045,0.1994283899650683
1,101,50.0,both,0.15,True,3,0.01,2.0,0.3,500,0.8,0.8,0.34846903692917525,0.32837921154752836,0.03792431386560523,0.5771144278606966,0.0,0.0,0.5771144278606966,0.0,0.5771144278606966
1,101,50.0,both,0.15,True,3,0.01,2.0,0.5,500,0.8,0.8,0.34953686850301335,0.3150809581158838,0.0452382134891374,0.7412935323383084,0.0,0.0,0.7412935323383084,0.0,0.7412935323383084
1,101,50.0,both,0.15,True,3,0.01,2.0,1.0,500,0.8,0.8,0.3333333333333333,0.20489296636085627,0.0,1.0,0.0,0.0,1.0,0.0,1.0
1,101,50.0,both,0.15,True,3,0.03,2.0,0.3,500,0.8,0.8,0.3547789507745824,0.3353477488815835,0.053526454262563965,0.5472636815920398,0.0,0.0,0.5472636815920398,0.0,0.5472636815920398
1,101,50.0,both,0.15,True,3,0.03,2.0,0.5,500,0.8,0.8,0.34953686850301335,0.3150809581158838,0.0452382134891374,0.7412935323383084,0.0,0.0,0.7412935323383084,0.0,0.7412935323383084
1,101,50.0,both,0.15,True,3,0.03,2.0,1.0,500,0.8,0.8,0.3333333333333333,0.20489296636085627,0.0,1.0,0.0,0.0,1.0,0.0,1.0
1,101,50.0,both,0.15,True,3,0.05,2.0,0.3,500,0.8,0.8,0.3583222100877725,0.3377059879262522,0.06247337044266861,0.5920398009950248,0.0,0.0,0.5920398009950248,0.0,0.5920398009950248
1,101,50.0,both,0.15,True,3,0.05,2.0,0.5,500,0.8,0.8,0.34953686850301335,0.3150809581158838,0.0452382134891374,0.7412935323383084,0.0,0.0,0.7412935323383084,0.0,0.7412935323383084
1,101,50.0,both,0.15,True,3,0.05,2.0,1.0,500,0.8,0.8,0.3333333333333333,0.20489296636085627,0.0,1.0,0.0,0.0,1.0,0.0,1.0
1,101,50.0,both,0.15,True,5,0.01,2.0,0.3,500,0.8,0.8,0.3546171581118796,0.33533914476537424,0.05311811581333381,0.5223880597014925,0.0,0.0,0.5223880597014925,0.0,0.5223880597014925
1,101,50.0,both,0.15,True,5,0.01,2.0,0.5,500,0.8,0.8,0.3469724547991748,0.3259848303044848,0.03428239497465031,0.5970149253731343,0.0,0.0,0.5970149253731343,0.0,0.5970149253731343
1,101,50.0,both,0.15,True,5,0.01,2.0,1.0,500,0.8,0.8,0.3371516401731181,0.3164287639990965,0.009759269648325162,0.5870646766169154,0.0,0.0,0.5870646766169154,0.0,0.5870646766169154
1,101,50.0,both,0.15,True,5,0.03,2.0,0.3,500,0.8,0.8,0.3493508069409052,0.329283560316579,0.04006521530430416,0.4626865671641791,0.0,0.0,0.4626865671641791,0.0,0.4626865671641791
1,101,50.0,both,0.15,True,5,0.03,2.0,0.5,500,0.8,0.8,0.3469724547991748,0.3259848303044848,0.03428239497465031,0.5970149253731343,0.0,0.0,0.5970149253731343,0.0,0.5970149253731343
1,101,50.0,both,0.15,True,5,0.03,2.0,1.0,500,0.8,0.8,0.30316984529006924,0.25330830272612476,-0.014643359504706337,0.14427860696517414,0.40425531914893614,0.14427860696517414,0.259976712183762,0.14427860696517414,0.259976712183762
1,101,50.0,both,0.15,True,5,0.05,2.0,0.3,500,0.8,0.8,0.3503620110827974,0.3240854224698236,0.044416804102248054,0.3681592039800995,0.0,0.0,0.3681592039800995,0.0,0.3681592039800995
1,101,50.0,both,0.15,True,5,0.05,2.0,0.5,500,0.8,0.8,0.3513004085264733,0.332056983765412,0.044555006326089865,0.5124378109452736,0.0,0.0,0.5124378109452736,0.0,0.5124378109452736
1,101,50.0,both,0.15,True,5,0.05,2.0,1.0,500,0.8,0.8,0.34054808125089825,0.2755843082413267,0.02360290825288667,0.1890547263681592,0.5106382978723404,0.1890547263681592,0.32158357150418115,0.1890547263681592,0.32158357150418115
1,101,50.0,both,0.15,True,9,0.01,2.0,0.3,500,0.8,0.8,0.348922056384743,0.32546601774724326,0.04197319747152789,0.6467661691542289,0.0,0.0,0.6467661691542289,0.0,0.6467661691542289
1,101,50.0,both,0.15,True,9,0.01,2.0,0.5,500,0.8,0.8,0.3445293855923634,0.31187149510502804,0.030957923140861533,0.7213930348258707,0.0,0.0,0.7213930348258707,0.0,0.7213930348258707
1,101,50.0,both,0.15,True,9,0.01,2.0,1.0,500,0.8,0.8,0.3310116086235489,0.3097955145118733,-0.005955059435732426,0.39303482587064675,0.0,0.0,0.39303482587064675,0.0,0.39303482587064675
1,101,50.0,both,0.15,True,9,0.03,2.0,0.3,500,0.8,0.8,0.36882255389718077,0.3414570929233686,0.09231413500715688,0.7064676616915423,0.0,0.0,0.7064676616915423,0.0,0.7064676616915423
1,101,50.0,both,0.15,True,9,0.03,2.0,0.5,500,0.8,0.8,0.33947508608144195,0.32143836047569124,0.00849383534325905,0.6517412935323383,0.1276595744680851,0.1276595744680851,0.5240817190642533,0.1276595744680851,0.5240817190642533
1,101,50.0,both,0.15,True,9,0.03,2.0,1.0,500,0.8,0.8,0.31290029699280797,0.18106818678915135,-0.008434993182612113,0.12437810945273632,0.7021276595744681,0.12437810945273632,0.5777495501217318,0.12437810945273632,0.5777495501217318
1,101,50.0,both,0.15,True,9,0.05,2.0,0.3,500,0.8,0.8,0.3441937518771822,0.3447607560847979,0.036134205455097455,0.46766169154228854,0.10638297872340426,0.10638297872340426,0.3612787128188843,0.10638297872340426,0.3612787128188843
1,101,50.0,both,0.15,True,9,0.05,2.0,0.5,500,0.8,0.8,0.34504419607549525,0.3064625446047767,0.0327318303299573,0.4228855721393035,0.3829787234042553,0.3829787234042553,0.039906848735048184,0.3829787234042553,0.039906848735048184
1,101,50.0,both,0.15,True,9,0.05,2.0,1.0,500,0.8,0.8,0.3330653427207502,0.2008124919561982,-0.003315541865380147,0.13432835820895522,0.723404255319149,0.13432835820895522,0.5890758971101937,0.13432835820895522,0.5890758971101937
1,101,100.0,geo,0.15,True,3,0.01,2.0,0.3,500,0.8,0.8,0.3544960575233893,0.33411452656056967,0.05239234737926752,0.5025125628140703,0.0,0.0,0.5025125628140703,0.0,0.5025125628140703
1,101,100.0,geo,0.15,True,3,0.01,2.0,0.5,500,0.8,0.8,0.3328921027903747,0.22689103287444523,-0.002550052550749415,0.9547738693467337,0.0,0.0,0.9547738693467337,0.0,0.9547738693467337
1,101,100.0,geo,0.15,True,3,0.01,2.0,1.0,500,0.8,0.8,0.3333333333333333,0.2034764826175869,0.0,1.0,0.0,0.0,1.0,0.0,1.0
1,101,100.0,geo,0.15,True,3,0.03,2.0,0.3,500,0.8,0.8,0.332017812640438,0.2989153847620137,-0.0032414606930286512,0.6984924623115578,0.0,0.0,0.6984924623115578,0.0,0.6984924623115578
1,101,100.0,geo,0.15,True,3,0.03,2.0,0.5,500,0.8,0.8,0.36059974670098466,0.3373372056916361,0.06785118249465182,0.628140703517588,0.0,0.0,0.628140703517588,0.0,0.628140703517588
1,101,100.0,geo,0.15,True,3,0.03,2.0,1.0,500,0.8,0.8,0.3691328719255811,0.26183513332161723,0.03721201403775342,0.04020100502512563,0.5306122448979592,0.04020100502512563,0.4904112398728336,0.04020100502512563,0.4904112398728336
1,101,100.0,geo,0.15,True,3,0.05,2.0,0.3,500,0.8,0.8,0.3233075948849941,0.30484262204598606,-0.024456392717884017,0.4723618090452261,0.0,0.0,0.4723618090452261,0.0,0.4723618090452261
1,101,100.0,geo,0.15,True,3,0.05,2.0,0.5,500,0.8,0.8,0.36059974670098466,0.3373372056916361,0.06785118249465182,0.628140703517588,0.0,0.0,0.628140703517588,0.0,0.628140703517588
1,101,100.0,geo,0.15,True,3,0.05,2.0,1.0,500,0.8,0.8,0.3608448747804061,0.33605358153760195,0.06946630455965637,0.6532663316582915,0.0,0.0,0.6532663316582915,0.0,0.6532663316582915
1,101,100.0,geo,0.15,True,5,0.01,2.0,0.3,500,0.8,0.8,0.3411937737467827,0.321762031037845,0.020925348668285465,0.4723618090452261,0.0,0.0,0.4723618090452261,0.0,0.4723618090452261
1,101,100.0,geo,0.15,True,5,0.01,2.0,0.5,500,0.8,0.8,0.3404690617514318,0.33664795230012623,0.025206951208090998,0.5477386934673367,0.12244897959183673,0.12244897959183673,0.42528971387549996,0.12244897959183673,0.42528971387549996
1,101,100.0,geo,0.15,True,5,0.01,2.0,1.0,500,0.8,0.8,0.3765284027571072,0.27194703353998934,0.04266704384290268,0.07035175879396985,0.5714285714285714,0.07035175879396985,0.5010768126346016,0.07035175879396985,0.5010768126346016
1,101,100.0,geo,0.15,True,5,0.03,2.0,0.3,500,0.8,0.8,0.3323773338235895,0.3119345811160497,0.0018236037507270587,0.4020100502512563,0.0,0.0,0.4020100502512563,0.0,0.4020100502512563
1,101,100.0,geo,0.15,True,5,0.03,2.0,0.5,500,0.8,0.8,0.3325244106712424,0.3158285688560753,0.013195468873824797,0.41708542713567837,0.0,0.0,0.41708542713567837,0.0,0.41708542713567837
1,101,100.0,geo,0.15,True,5,0.03,2.0,1.0,500,0.8,0.8,0.3783995470966914,0.28233280002077216,0.05426218745865312,0.09547738693467336,0.5714285714285714,0.09547738693467336,0.47595118449389806,0.09547738693467336,0.47595118449389806
1,101,100.0,geo,0.15,True,5,0.05,2.0,0.3,500,0.8,0.8,0.324492380602198,0.3080542885749249,-0.010134402957530679,0.4271356783919598,0.0,0.0,0.4271356783919598,0.0,0.4271356783919598
1,101,100.0,geo,0.15,True,5,0.05,2.0,0.5,500,0.8,0.8,0.3237533277804319,0.3164973691156357,-0.002930483958417834,0.48743718592964824,0.02040816326530612,0.02040816326530612,0.4670290226643421,0.02040816326530612,0.4670290226643421
1,101,100.0,geo,0.15,True,5,0.05,2.0,1.0,500,0.8,0.8,0.3822979173284708,0.2816388261293628,0.07265742619236534,0.10050251256281408,0.6122448979591837,0.10050251256281408,0.5117423853963696,0.10050251256281408,0.5117423853963696
1,101,100.0,geo,0.15,True,9,0.01,2.0,0.3,500,0.8,0.8,0.3264305599675831,0.3217518200569048,-0.010924967802153561,0.33668341708542715,0.08163265306122448,0.08163265306122448,0.2550507640242027,0.08163265306122448,0.2550507640242027
1,101,100.0,geo,0.15,True,9,0.01,2.0,0.5,500,0.8,0.8,0.35028452366361423,0.3075799083266264,0.020807651430052747,0.2613065326633166,0.42857142857142855,0.2613065326633166,0.16726489590811194,0.2613065326633166,0.16726489590811194
1,101,100.0,geo,0.15,True,9,0.01,2.0,1.0,500,0.8,0.8,0.38497148093212036,0.26250311349532324,0.05070567334715252,0.08542713567839195,0.6938775510204082,0.08542713567839195,0.6084504153420162,0.08542713567839195,0.6084504153420162
1,101,100.0,geo,0.15,True,9,0.03,2.0,0.3,500,0.8,0.8,0.3512755414704183,0.34252052438663866,0.01821014655584612,0.2914572864321608,0.14285714285714285,0.14285714285714285,0.14860014357501794,0.14285714285714285,0.14860014357501794
1,101,100.0,geo,0.15,True,9,0.03,2.0,0.5,500,0.8,0.8,0.358997576233582,0.32626404982285906,0.05404765091973997,0.24623115577889448,0.3673469387755102,0.24623115577889448,0.12111578299661574,0.24623115577889448,0.12111578299661574
1,101,100.0,geo,0.15,True,9,0.03,2.0,1.0,500,0.8,0.8,0.3917395172310865,0.24279494484456485,0.056060688853257976,0.09547738693467336,0.8163265306122449,0.09547738693467336,0.7208491436775716,0.09547738693467336,0.7208491436775716
1,101,100.0,geo,0.15,True,9,0.05,2.0,0.3,500,0.8,0.8,0.33735793618832505,0.3234409936373856,0.014152956162167479,0.38190954773869346,0.02040816326530612,0.02040816326530612,0.3615013844733873,0.02040816326530612,0.3615013844733873
1,101,100.0,geo,0.15,True,9,0.05,2.0,0.5,500,0.8,0.8,0.3144132809392908,0.2671793940019191,-0.008140056096978186,0.1457286432160804,0.3877551020408163,0.1457286432160804,0.24202645882473592,0.1457286432160804,0.24202645882473592
1,101,100.0,geo,0.15,True,9,0.05,2.0,1.0,500,0.8,0.8,0.35155968993799264,0.22936911167207671,0.005029685483928855,0.05527638190954774,0.6530612244897959,0.05527638190954774,0.5977848425802481,0.05527638190954774,0.5977848425802481
1,101,100.0,helio,0.15,True,3,0.01,2.0,0.3,500,0.8,0.8,0.33542509294439676,0.315527579247991,0.005583557884536166,0.5477386934673367,0.0,0.0,0.5477386934673367,0.0,0.5477386934673367
1,101,100.0,helio,0.15,True,3,0.01,2.0,0.5,500,0.8,0.8,0.3418147648813172,0.2754511965876809,0.030047061665657307,0.8693467336683417,0.0,0.0,0.8693467336683417,0.0,0.8693467336683417
1,101,100.0,helio,0.15,True,3,0.01,2.0,1.0,500,0.8,0.8,0.3299669077092781,0.3020702070207021,-0.00847612046242139,0.32160804020100503,0.0,0.0,0.32160804020100503,0.0,0.32160804020100503
1,101,100.0,helio,0.15,True,3,0.03,2.0,0.3,500,0.8,0.8,0.30743963721044243,0.28877367983549895,-0.06394160202129598,0.5125628140703518,0.0,0.0,0.5125628140703518,0.0,0.5125628140703518
1,101,100.0,helio,0.15,True,3,0.03,2.0,0.5,500,0.8,0.8,0.34548351513665887,0.32275552613189157,0.030677264625384493,0.4120603015075377,0.0,0.0,0.4120603015075377,0.0,0.4120603015075377
1,101,100.0,helio,0.15,True,3,0.03,2.0,1.0,500,0.8,0.8,0.3299669077092781,0.3020702070207021,-0.00847612046242139,0.32160804020100503,0.0,0.0,0.32160804020100503,0.0,0.32160804020100503
1,101,100.0,helio,0.15,True,3,0.05,2.0,0.3,500,0.8,0.8,0.31867467418392775,0.300223348041619,-0.036083290013494924,0.49748743718592964,0.0,0.0,0.49748743718592964,0.0,0.49748743718592964
1,101,100.0,helio,0.15,True,3,0.05,2.0,0.5,500,0.8,0.8,0.34548351513665887,0.32275552613189157,0.030677264625384493,0.4120603015075377,0.0,0.0,0.4120603015075377,0.0,0.4120603015075377
1,101,100.0,helio,0.15,True,3,0.05,2.0,1.0,500,0.8,0.8,0.3214527924173714,0.25348215622126713,-0.04206412714550296,0.11557788944723618,0.0,0.0,0.11557788944723618,0.0,0.11557788944723618
1,101,100.0,helio,0.15,True,5,0.01,2.0,0.3,500,0.8,0.8,0.3336519998365813,0.3140832788314803,0.000781823544676254,0.5326633165829145,0.0,0.0,0.5326633165829145,0.0,0.5326633165829145
1,101,100.0,helio,0.15,True,5,0.01,2.0,0.5,500,0.8,0.8,0.339714834334273,0.3202274544001163,0.01580385812519529,0.48743718592964824,0.0,0.0,0.48743718592964824,0.0,0.48743718592964824
1,101,100.0,helio,0.15,True,5,0.01,2.0,1.0,500,0.8,0.8,0.3269109776524901,0.30165079365079367,-0.01665327520712567,0.3417085427135678,0.0,0.0,0.3417085427135678,0.0,0.3417085427135678
1,101,100.0,helio,0.15,True,5,0.03,2.0,0.3,500,0.8,0.8,0.3279895412019447,0.3089067132282061,-0.013052197898159217,0.45226130653266333,0.0,0.0,0.45226130653266333,0.0,0.45226130653266333
1,101,100.0,helio,0.15,True,5,0.03,2.0,0.5,500,0.8,0.8,0.34070351758793965,0.319169982195063,0.018550825753371407,0.4221105527638191,0.0,0.0,0.4221105527638191,0.0,0.4221105527638191
1,101,100.0,helio,0.15,True,5,0.03,2.0,1.0,500,0.8,0.8,0.3268619520366058,0.3011204010250079,-0.016816403525007705,0.33668341708542715,0.0,0.0,0.33668341708542715,0.0,0.33668341708542715
1,101,100.0,helio,0.15,True,5,0.05,2.0,0.3,500,0.8,0.8,0.3481880949462761,0.3282646188479204,0.03664423199313315,0.5226130653266332,0.0,0.0,0.5226130653266332,0.0,0.5226130653266332
1,101,100.0,helio,0.15,True,5,0.05,2.0,0.5,500,0.8,0.8,0.34070351758793965,0.319169982195063,0.018550825753371407,0.4221105527638191,0.0,0.0,0.4221105527638191,0.0,0.4221105527638191
1,101,100.0,helio,0.15,True,5,0.05,2.0,1.0,500,0.8,0.8,0.3268619520366058,0.3011204010250079,-0.016816403525007705,0.33668341708542715,0.0,0.0,0.33668341708542715,0.0,0.33668341708542715
1,101,100.0,helio,0.15,True,9,0.01,2.0,0.3,500,0.8,0.8,0.344731789026433,0.3172926447574335,0.029743269487613938,0.6683417085427136,0.0,0.0,0.6683417085427136,0.0,0.6683417085427136
1,101,100.0,helio,0.15,True,9,0.01,2.0,0.5,500,0.8,0.8,0.33754136536340235,0.31524078779944925,0.01079334377598577,0.5979899497487438,0.0,0.0,0.5979899497487438,0.0,0.5979899497487438
1,101,100.0,helio,0.15,True,9,0.01,2.0,1.0,500,0.8,0.8,0.34000081709359803,0.31018487369829634,0.017235829624505372,0.6834170854271356,0.0,0.0,0.6834170854271356,0.0,0.6834170854271356
1,101,100.0,helio,0.15,True,9,0.03,2.0,0.3,500,0.8,0.8,0.31359235200392205,0.2845024004444294,-0.05186762592082303,0.6432160804020101,0.0,0.0,0.6432160804020101,0.0,0.6432160804020101
1,101,100.0,helio,0.15,True,9,0.03,2.0,0.5,500,0.8,0.8,0.35178330677779135,0.33124114634412116,0.04536506919452348,0.5577889447236181,0.0,0.0,0.5577889447236181,0.0,0.5577889447236181
1,101,100.0,helio,0.15,True,9,0.03,2.0,1.0,500,0.8,0.8,0.31428137868703065,0.2412495712811382,-0.010060652533646602,0.25125628140703515,0.5306122448979592,0.25125628140703515,0.27935596349092406,0.25125628140703515,0.27935596349092406
1,101,100.0,helio,0.15,True,9,0.05,2.0,0.3,500,0.8,0.8,0.31359235200392205,0.2845024004444294,-0.05186762592082303,0.6432160804020101,0.0,0.0,0.6432160804020101,0.0,0.6432160804020101
1,101,100.0,helio,0.15,True,9,0.05,2.0,0.5,500,0.8,0.8,0.33513093924909104,0.3158179474611042,0.004305511012986919,0.5175879396984925,0.0,0.0,0.5175879396984925,0.0,0.5175879396984925
1,101,100.0,helio,0.15,True,9,0.05,2.0,1.0,500,0.8,0.8,0.3271334272157202,0.2694095369254605,0.017025372732237976,0.2964824120603015,0.4897959183673469,0.2964824120603015,0.1933135063070454,0.2964824120603015,0.1933135063070454
1,101,100.0,both,0.15,True,3,0.01,2.0,0.3,500,0.8,0.8,0.3317318298811129,0.3127280649202113,-0.0038211410240258908,0.5025125628140703,0.0,0.0,0.5025125628140703,0.0,0.5025125628140703
1,101,100.0,both,0.15,True,3,0.01,2.0,0.5,500,0.8,0.8,0.34867018016913837,0.3132656350741457,0.04263051402388403,0.7386934673366834,0.0,0.0,0.7386934673366834,0.0,0.7386934673366834
1,101,100.0,both,0.15,True,3,0.01,2.0,1.0,500,0.8,0.8,0.3283817461290191,0.30959825400456836,-0.012322843319665561,0.49246231155778897,0.0,0.0,0.49246231155778897,0.0,0.49246231155778897
1,101,100.0,both,0.15,True,3,0.03,2.0,0.3,500,0.8,0.8,0.3537116476692405,0.3304571701791166,0.05141256882606962,0.4221105527638191,0.0,0.0,0.4221105527638191,0.0,0.4221105527638191
1,101,100.0,both,0.15,True,3,0.03,2.0,0.5,500,0.8,0.8,0.34867018016913837,0.3132656350741457,0.04263051402388403,0.7386934673366834,0.0,0.0,0.7386934673366834,0.0,0.7386934673366834
1,101,100.0,both,0.15,True,3,0.03,2.0,1.0,500,0.8,0.8,0.3283817461290191,0.30959825400456836,-0.012322843319665561,0.49246231155778897,0.0,0.0,0.49246231155778897,0.0,0.49246231155778897
1,101,100.0,both,0.15,True,3,0.05,2.0,0.3,500,0.8,0.8,0.3380969890100911,0.308566420357526,0.012716465842703471,0.32160804020100503,0.0,0.0,0.32160804020100503,0.0,0.32160804020100503
1,101,100.0,both,0.15,True,3,0.05,2.0,0.5,500,0.8,0.8,0.34867018016913837,0.3132656350741457,0.04263051402388403,0.7386934673366834,0.0,0.0,0.7386934673366834,0.0,0.7386934673366834
1,101,100.0,both,0.15,True,3,0.05,2.0,1.0,500,0.8,0.8,0.3283817461290191,0.30959825400456836,-0.012322843319665561,0.49246231155778897,0.0,0.0,0.49246231155778897,0.0,0.49246231155778897
1,101,100.0,both,0.15,True,5,0.01,2.0,0.3,500,0.8,0.8,0.33754953629938306,0.3169292487235595,0.010884662136468918,0.4321608040201005,0.0,0.0,0.4321608040201005,0.0,0.4321608040201005
1,101,100.0,both,0.15,True,5,0.01,2.0,0.5,500,0.8,0.8,0.33187073579278503,0.3008215778181465,-0.004308957406126343,0.6834170854271356,0.0,0.0,0.6834170854271356,0.0,0.6834170854271356
1,101,100.0,both,0.15,True,5,0.01,2.0,1.0,500,0.8,0.8,0.34179608845621834,0.2886706836772478,0.01580234501787853,0.10552763819095477,0.2857142857142857,0.10552763819095477,0.1801866475233309,0.10552763819095477,0.1801866475233309
1,101,100.0,both,0.15,True,5,0.03,2.0,0.3,500,0.8,0.8,0.350900845691874,0.33005303154556886,0.04365889162891906,0.46733668341708545,0.0,0.0,0.46733668341708545,0.0,0.46733668341708545
1,101,100.0,both,0.15,True,5,0.03,2.0,0.5,500,0.8,0.8,0.3362585284144299,0.31116268788682583,0.007206811510598971,0.6331658291457286,0.0,0.0,0.6331658291457286,0.0,0.6331658291457286
1,101,100.0,both,0.15,True,5,0.03,2.0,1.0,500,0.8,0.8,0.3452042025291548,0.27286601056579274,0.014448223867975835,0.06030150753768844,0.32653061224489793,0.06030150753768844,0.2662291047072095,0.06030150753768844,0.2662291047072095
